bula,cfi,rmsea,srmr
1,0.901983984907415,0.0205484473034654,0.0555231274218812
2,0.894011337486215,0.0215882621505043,0.0568606724583965
3,0.895344631978797,0.0212965672960621,0.0584963026978004
