bula,cfi,rmsea,srmr
1,0.847304973275511,0.0264335423186307,0.0766913054489185
2,0.852656907868993,0.0254861913394794,0.0721530730404526
3,0.855706911994345,0.0268046828751584,0.0723232647083304
