bula,cfi,rmsea,srmr
1,0.911235176503486,0.0194438654013596,0.0542933464625495
