bula,cfi,rmsea,srmr
1,0.869223852202033,0.0246040489940358,0.0727428569095213
2,0.871967296938246,0.0238946074214794,0.0692751684206779
3,0.879478864873623,0.0246387635177258,0.0703469678103405
